{
    "epoch": 3.7037037037037037,
    "total_flos": 4054646644088832.0,
    "train_loss": 1.2613574823737144,
    "train_runtime": 750.4131,
    "train_samples_per_second": 0.533,
    "train_steps_per_second": 0.133
}